ID,Movie_Title
1,Avatar
2,Avengers: Endgame
3,Titanic
4,Star Wars: Episode VII - The Force Awakens
5,Avengers: Infinity War
6,Spider-Man: No Way Home
7,Jurassic World
8,The Lion King
9,The Avengers
10,Fast & Furious 7
11,Frozen II
12,Top Gun: Maverick
13,Avengers: Age of Ultron
14,Black Panther
15,Harry Potter and the Deathly Hallows: Part 2
16,Star Wars: Episode VIII - The Last Jedi
17,Jurassic World: Fallen Kingdom
18,Frozen
19,Beauty and the Beast
20,Incredibles 2
21,The Fate of the Furious
22,Iron Man Three
23,Minions
24,Captain America: Civil War
25,Aquaman
26,The Lord of the Rings: The Return of the King
27,Spider-Man: Far from Home
28,Captain Marvel
29,Transformers: Dark of the Moon
30,Skyfall
31,Transformers: Age of Extinction
32,Jurassic Park
33,The Dark Knight Rises
34,Joker
35,Star Wars: Episode IX - The Rise of Skywalker
36,Toy Story 4
37,Toy Story 3
38,Pirates of the Caribbean: Dead Man's Chest
39,The Lion King
40,Rogue One
41,Aladdin
42,Pirates of the Caribbean: On Stranger Tides
43,Despicable Me 3
44,Finding Dory
45,Star Wars: Episode I - The Phantom Menace
46,Alice in Wonderland
47,Zootopia
48,Harry Potter and the Sorcerer's Stone
49,The Hobbit: An Unexpected Journey
50,The Dark Knight
51,Jurassic World Dominion
52,Harry Potter and the Deathly Hallows: Part 1
53,Despicable Me 2
54,The Jungle Book
55,Jumanji: Welcome to the Jungle
56,The Hobbit: The Battle of the Five Armies
57,Pirates of the Caribbean: At World's End
58,The Hobbit: The Desolation of Smaug
59,Doctor Strange in the Multiverse of Madness
60,The Lord of the Rings: The Two Towers
61,Harry Potter and the Order of the Phoenix
62,Finding Nemo
63,Harry Potter and the Half-Blood Prince
64,Shrek 2
65,Bohemian Rhapsody
66,Chang jin hu
67,The Lord of the Rings: The Fellowship of the Ring
68,Harry Potter and the Goblet of Fire
69,Spider-Man 3
70,Minions: The Rise of Gru
71,Ice Age: Dawn of the Dinosaurs
72,Spectre
73,Spider-Man: Homecoming
74,Harry Potter and the Chamber of Secrets
75,Ice Age: Continental Drift
76,The Secret Life of Pets
77,Batman v Superman: Dawn of Justice
78,Zhan lang II
79,Star Wars: Episode III - Revenge of the Sith
80,The Hunger Games: Catching Fire
81,Guardians of the Galaxy Vol. 2
82,Inside Out
83,Venom
84,Thor: Ragnarok
85,Inception
86,Transformers: Revenge of the Fallen
87,The Twilight Saga: Breaking Dawn - Part 2
88,Spider-Man
89,Wonder Woman
90,Ni hao. Li Huanying
91,Independence Day
92,Fantastic Beasts and Where to Find Them
93,Shrek the Third
94,Coco
95,Jumanji: The Next Level
96,Harry Potter and the Prisoner of Azkaban
97,Pirates of the Caribbean: Dead Men Tell No Tales
98,E.T. the Extra-Terrestrial
99,Mission: Impossible - Fallout
100,2012
101,Indiana Jones and the Kingdom of the Crystal Skull
102,Spider-Man 2
103,Furious 6
104,Deadpool 2
105,Deadpool
106,Star Wars
107,No Time to Die
108,Guardians of the Galaxy
109,The Batman
110,The Da Vinci Code
111,Fast & Furious Presents: Hobbs & Shaw
112,Maleficent
113,The Amazing Spider-Man
114,The Hunger Games: Mockingjay - Part 1
115,Shrek Forever After
116,Thor: Love and Thunder
117,Madagascar 3: Europe's Most Wanted
118,Suicide Squad
119,X-Men: Days of Future Past
120,The Chronicles of Narnia: The Lion. the Witch and the Wardrobe
121,Monsters University
122,The Matrix Reloaded
123,Up
124,Ne Zha zhi mo tong jiang shi
125,F9
126,Gravity
127,Captain America: The Winter Soldier
128,The Twilight Saga: Breaking Dawn - Part 1
129,The Twilight Saga: New Moon
130,Dawn of the Planet of the Apes
131,Transformers
132,The Amazing Spider-Man 2
133,It
134,Interstellar
135,Liu lang di qiu
136,The Twilight Saga: Eclipse
137,Mission: Impossible - Ghost Protocol
138,The Hunger Games
139,Tang ren jie tan an 3
140,Mission: Impossible - Rogue Nation
141,Forrest Gump
142,Doctor Strange
143,The Sixth Sense
144,Man of Steel
145,Ice Age: The Meltdown
146,Kung Fu Panda 2
147,Justice League
148,Big Hero 6
149,Fantastic Beasts: The Crimes of Grindelwald
150,Pirates of the Caribbean: The Curse of the Black Pearl
151,Star Wars: Episode II - Attack of the Clones
152,The Hunger Games: Mockingjay - Part 2
153,Thor: The Dark World
154,Moana
155,Sing
156,Kung Fu Panda
157,The Incredibles
158,The Martian
159,Hancock
160,Chang jin hu zhi shui men qiao
161,Fast Five
162,Men in Black 3
163,Iron Man 2
164,Ratatouille
165,Ant-Man and the Wasp
166,How to Train Your Dragon 2
167,Logan
168,The Lost World: Jurassic Park
169,Casino Royale
170,The Passion of the Christ
171,Mamma Mia!
172,Life of Pi
173,Transformers: The Last Knight
174,Madagascar: Escape 2 Africa
175,War of the Worlds
176,Tangled
177,Quantum of Solace
178,Men in Black
179,The Croods
180,The Hangover Part II
181,Iron Man
182,I Am Legend
183,Ready Player One
184,Monsters. Inc.
185,Hong hai xing dong
186,Night at the Museum
187,Fifty Shades of Grey
188,Kong: Skull Island
189,The Smurfs
190,Cars 2
191,King Kong
192,Puss in Boots
193,Mei ren yu
194,Armageddon
195,The Day After Tomorrow
196,Ted
197,American Sniper
198,Mission: Impossible II
199,Tang ren jie tan an 2
200,X-Men: Apocalypse
201,Sherlock Holmes: A Game of Shadows
202,Despicable Me
203,Cinderella
204,Madagascar
205,World War Z
206,Brave
207,The Empire Strikes Back
208,The Simpsons Movie
209,The Revenant
210,The Meg
211,Ralph Breaks the Internet
212,Hotel Transylvania 3: Summer Vacation
213,The Boss Baby
214,Dunkirk
215,Godzilla
216,How to Train Your Dragon: The Hidden World
217,Sherlock Holmes
218,Meet the Fockers
219,WALLÂ·E
220,Kung Fu Panda 3
221,Terminator 2: Judgment Day
222,Ant-Man
223,The Grinch
224,Venom: Let There Be Carnage
225,Ghost
226,Aladdin
227,Rio 2
228,Troy
229,Toy Story 2
230,How to Train Your Dragon
231,Twister
232,Oz the Great and Powerful
233,Clash of the Titans
234,Maleficent: Mistress of Evil
235,War for the Planet of the Apes
236,Shrek
237,Mr. & Mrs. Smith
238,Angels & Demons
239,Teenage Mutant Ninja Turtles
240,Bruce Almighty
241,Rio
242,Saving Private Ryan
243,Rise of the Planet of the Apes
244,Home Alone
245,Hotel Transylvania 2
246,Star Wars: Episode VI - Return of the Jedi
247,Charlie and the Chocolate Factory
248,Indiana Jones and the Last Crusade
249,Jaws
250,San Andreas
251,It Chapter Two
252,Wreck-It Ralph
253,Godzilla vs. Kong
254,The Hangover
255,The Lego Movie
256,Bumblebee
257,Star Trek Into Darkness
258,The Matrix
259,Gladiator
260,Pretty Woman
261,Cars
262,Ba bai
263,X-Men: The Last Stand
264,National Treasure: Book of Secrets
265,Lucy
266,Mission: Impossible
267,300
268,The Last Samurai
269,Kimetsu no Yaiba: Mugen Ressha-Hen
270,Wo bu shi yao shen
271,Ocean's Eleven
272,Wo he wo de zu guo
273,Thor
274,Pearl Harbor
275,La La Land
276,Tarzan
277,Men in Black II
278,The Bourne Ultimatum
279,The Mummy Returns
280,Alvin and the Chipmunks: The Squeakquel
281,Les MisÃ©rables
282,The Exorcist
283,Mrs. Doubtfire
284,Terminator Genisys
285,Warcraft
286,A Star Is Born
287,The Greatest Showman
288,Terminator 3: Rise of the Machines
289,PokÃ©mon: Detective Pikachu
290,Shang-Chi and the Legend of the Ten Rings
291,Die Another Day
292,The Secret Life of Pets 2
293,Cast Away
294,Rampage
295,The King's Speech
296,The Matrix Revolutions
297,The Intouchables
298,Bad Boys for Life
299,Django Unchained
300,Beauty and the Beast
301,Dances with Wolves
302,Wo he wo de jia xiang
303,The Chronicles of Narnia: Prince Caspian
304,Sex and the City
305,Zhong guo ji zhang
306,The Mummy
307,The Chronicles of Narnia: The Voyage of the Dawn Treader
308,Jason Bourne
309,The Wolverine
310,Kingsman: The Secret Service
311,Night at the Museum: Battle of the Smithsonian
312,Batman
313,The Bodyguard
314,Pacific Rim
315,Kingsman: The Golden Circle
316,The Mummy
317,Sing 2
318,Ice Age: Collision Course
319,Twilight
320,Signs
321,X2
322,Fantastic Beasts: The Secrets of Dumbledore
323,Alita: Battle Angel
324,The Mummy: Tomb of the Dragon Emperor
325,Prometheus
326,Gone with the Wind
327,Mamma Mia! Here We Go Again
328,Eternals
329,Sonic the Hedgehog 2
330,Dune: Part One
331,Uncharted
332,Tron
333,Mission: Impossible III
334,Snow White and the Huntsman
335,Grease
336,Toy Story
337,Solo: A Star Wars Story
338,The Wolf of Wall Street
339,Superman Returns
340,Robin Hood: Prince of Thieves
341,Raiders of the Lost Ark
342,Independence Day: Resurgence
343,Live Free or Die Hard
344,Zhuo yao ji
345,Godzilla: King of the Monsters
346,Home
347,Star Trek
348,1917
349,Happy Feet
350,Cars 3
351,Back to the Future
352,Ice Age
353,Fifty Shades Darker
354,Monsters vs. Aliens
355,Black Widow
356,Godzilla
357,True Lies
358,Slumdog Millionaire
359,Taken 2
360,G.I. Joe: Retaliation
361,Mad Max: Fury Road
362,Spider-Man: Into the Spider-Verse
363,Shark Tale
364,Once Upon a Time... in Hollywood
365,What Women Want
366,The Adventures of Tintin
367,Batman Begins
368,Penguins of Madagascar
369,X-Men Origins: Wolverine
370,The Golden Compass
371,Fifty Shades Freed
372,Hitch
373,Terminator Salvation
374,Captain America: The First Avenger
375,Edge of Tomorrow
376,There's Something About Mary
377,Gone Girl
378,The Fugitive
379,Jurassic Park III
380,My Big Fat Greek Wedding
381,Xi hong shi shou fu
382,Die Hard: With a Vengeance
383,Shazam!
384,The Nun
385,Alvin and the Chipmunks
386,Tenet
387,Notting Hill
388,A Bug's Life
389,Night at the Museum: Secret of the Tomb
390,Ocean's Twelve
391,Planet of the Apes
392,The Hangover Part III
393,The World Is Not Enough
394,Zhuo yao ji 2
395,Fast & Furious
396,Noah
397,The Karate Kid
398,Home Alone 2: Lost in New York
399,Hotel Transylvania
400,Minority Report
401,Kimi no na wa.
402,Top Gun
403,The Legend of Tarzan
404,American Beauty
405,Sen to Chihiro no kamikakushi
406,Apollo 13
407,Rain Man
408,The Great Gatsby
409,Dumbo
410,I. Robot
411,Basic Instinct
412,Murder on the Orient Express
413,X: First Class
414,Angry Birds
415,GoldenEye
416,Catch Me If You Can
417,Now You See Me
418,Hannibal
419,The Mask
420,Peter Rabbit
421,Speed
422,Dinosaur
423,Mary Poppins Returns
424,Deep Impact
425,The Lorax
426,The Maze Runner
427,The Smurfs 2
428,National Treasure
429,Rush Hour 2
430,Trolls
431,xXx: Return of Xander Cage
432,Pocahontas
433,How the Grinch Stole Christmas
434,Star Trek Beyond
435,Alvin and the Chipmunks: Chipwrecked
436,Wanted
437,The Flintstones
438,A Quiet Place
439,Enchanted
440,Over the Hedge
441,300: Rise of an Empire
442,Batman Forever
443,Prince of Persia: The Sands of Time
444,The Curious Case of Benjamin Button
445,Journey 2: The Mysterious Island
446,The Rock
447,The Great Wall
448,Now You See Me 2
449,Xiu xiu de tie quan
450,Fantastic Four
451,Indiana Jones and the Temple of Doom
452,Tomorrow Never Dies
453,Back to the Future Part II
454,The Good Dinosaur
455,Free Guy
456,22 Jump Street
457,Meet the Parents
458,Who Framed Roger Rabbit
459,Black Swan
460,The Perfect Storm
461,Crocodile Dundee
462,Feng kuang de wai xing ren
463,Se7en
464,John Wick: Chapter 3 - Parabellum
465,The Devil Wears Prada
466,Taken 3
467,The Hunchback of Notre Dame
468,A Christmas Carol
469,The SpongeBob Movie: Sponge Out of Water
470,Schindler's List
471,Megamind
472,The Conjuring 2
473,Green Book
474,Lethal Weapon 3
475,Robin Hood
476,Inglourious Basterds
477,101 Dalmatians
478,The Conjuring
479,Fatal Attraction
480,Sonic the Hedgehog
481,The Last Airbender
482,The Proposal
483,A Beautiful Mind
484,Beverly Hills Cop
485,The Polar Express
486,Air Force One
487,The Expendables 2
488,Chicken Little
489,As Good as It Gets
490,Maze Runner: The Scorch Trials
491,Resident Evil: The Final Chapter
492,The Lego Batman Movie
493,Austin Powers: The Spy Who Shagged Me
494,Knives Out
495,Ocean's Thirteen
496,Little Fockers
497,Bolt
498,Ransom
499,Runaway Bride
500,The Blind Side
501,Qian ren 3: Zai jian qian ren
502,The Fault in Our Stars
503,The Pursuit of Happyness
504,Rise of the Guardians
505,Close Encounters of the Third Kind
506,Chicago
507,Annabelle: Creation
508,Wonder
509,Skyscraper
510,A Good Day to Die Hard
511,Mulan
512,Dangal
513,Passengers
514,Battleship
515,Liar Liar
516,G.I. Joe: The Rise of Cobra
517,Wrath of the Titans
518,4: Rise of the Silver Surfer
519,Hook
520,Superman
521,Rocky IV
522,Rambo: First Blood Part II
523,Resident Evil: Afterlife
524,Van Helsing
525,Stuart Little
526,Beverly Hills Cop II
527,Alice Through the Looking Glass
528,My Best Friend's Wedding
529,Real Steel
530,Horton Hears a Who!
531,Ocean's Eight
532,A Quiet Place Part II
533,Insurgent
534,Look Who's Talking
535,Austin Powers in Goldmember
536,Ghostbusters
537,Miss Peregrine's Home for Peculiar Children
538,X-Men
539,Ferdinand
540,Shutter Island
541,Doctor Dolittle
542,Bee Movie
543,Salt
544,G-Force
545,The Departed
546,What Lies Beneath
547,Pacific Rim: Uprising
548,The Bourne Supremacy
549,Sex and the City 2
550,Shakespeare in Love
551,Divergent
552,Coming to America
553,Wedding Crashers
554,Bridesmaids
555,Maze Runner: The Death Cure
556,Casper
557,American Pie 2
558,Pitch Perfect 2
559,The Green Mile
560,Oblivion
561,Elysium
562,Lethal Weapon 4
563,John Carter
564,Turbo
565,Paddington
566,Bridget Jones's Diary
567,Elvis
568,The Tourist
569,Split
570,Scary Movie
571,xXx
572,The Bourne Legacy
573,Mr. Peabody & Sherman
574,Scooby-Doo
575,Lincoln
576,Lara Croft: Tomb Raider
577,Tomb Raider
578,The Expendables
579,Cloudy with a Chance of Meatballs 2
580,The Nutty Professor
581,Jerry Maguire
582,Bad Boys II
583,Lilo & Stitch
584,The Silence of the Lambs
585,Grown Ups
586,Neighbors
587,The Firm
588,We're the Millers
589,Gran Torino
590,10.000 BC
591,American Gangster
592,Epic
593,Exodus: Gods and Kings
594,Bambi
595,The Princess and the Frog
596,Batman Returns
597,Indecent Proposal
598,Something's Gotta Give
599,Bridget Jones: The Edge of Reason
600,The Incredible Hulk
601,Waterworld
602,The Truman Show
603,Charlie's Angels
604,The Fifth Element
605,Gisaengchung
606,Jumanji
607,Borat: Cultural Learnings of America for Make Benefit Glorious Nation of Kazakhstan
608,Robots
609,Knight and Day
610,Total Recall
611,This Is It
612,Terminator: Dark Fate
613,The Lone Ranger
614,Super 8
615,Xun long jue
616,Blade Runner 2049
617,Charlie's Angels: Full Throttle
618,Rush Hour 3
619,The Full Monty
620,Gong fu yu jia
621,Annabelle
622,Encanto
623,The Village
624,Gang jiong
625,Erin Brockovich
626,Fei chi ren sheng
627,Get Out
628,Marley & Me
629,Halloween
630,Us
631,Cliffhanger
632,Baahubali 2: The Conclusion
633,Babe
634,Men in Black: International
635,Wild Hogs
636,High School Musical 3: Senior Year
637,Hercules
638,Dark Phoenix
639,True Grit
640,Dolittle
641,Bean
642,American Hustle
643,Enemy of the State
644,You've Got Mail
645,Eragon
646,Brother Bear
647,The Godfather
648,The Mask of Zorro
649,The Ring
650,The Blair Witch Project
651,Unbreakable
652,Journey to the West: Demon Chapter
653,Dumb and Dumber
654,Glass
655,Grown Ups 2
656,The Peanuts Movie
657,Rango
658,The Bad Guys
659,Four Weddings and a Funeral
660,Face/Off
661,Teenage Mutant Ninja Turtles: Out of the Shadows
662,Dark Shadows
663,Hulk
664,Love Actually
665,Lie huo ying xiong
666,Bienvenue chez les Ch'tis
667,Back to the Future Part III
668,Pixels
669,Hercules
670,Rush Hour
671,Journey to the Center of the Earth
672,After Earth
673,A Few Good Men
674,Cloudy with a Chance of Meatballs
675,8 Mile
676,Daddy's Home
677,RoboCop
678,Eraser
679,Alien: Covenant
680,Sully
681,Assassin's Creed
682,Click
683,Jiang Ziya
684,Resident Evil: Retribution
685,Die Hard 2
686,Crocodile Dundee II
687,Planes
688,Crazy Rich Asians
689,Batman & Robin
690,Gulliver's Travels
691,Gone in Sixty Seconds
692,Saturday Night Fever
693,Silver Linings Playbook
694,2 Fast 2 Furious
695,Hauru no ugoku shiro
696,Hidden Figures
697,A.I. Artificial Intelligence
698,Dead Poets Society
699,Spy
700,American Pie
701,American Reunion
702,Big Daddy
703,Alvin and the Chipmunks: The Road Chip
704,The Imitation Game
705,Cruella
706,The Day the Earth Stood Still
707,American Wedding
708,The Girl with the Dragon Tattoo
709,Juno
710,Argo
711,Mr. Bean's Holiday
712,The English Patient
713,Sister Act
714,Annabelle Comes Home
715,Constantine
716,Get Smart
717,Space Jam
718,La vita Ã¨ bella
719,The Heat
720,Ghostbusters
721,Ghost Rider
722,Xia Luo te fan nao
723,Paddington 2
724,Sleepless in Seattle
725,Lethal Weapon 2
726,The Green Hornet
727,Out of Africa
728,Fang hua
729,Baby Driver
730,Immortals
731,Taken
732,Percy Jackson & the Olympians: The Lightning Thief
733,Hansel & Gretel: Witch Hunters
734,Lightyear
735,Valerian and the City of a Thousand Planets
736,Good Will Hunting
737,Shaonian de ni
738,Ford v Ferrari
739,Jumper
740,Elf
741,The Social Network
742,Chicken Run
743,Con Air
744,Interview with the Vampire: The Vampire Chronicles
745,Flightplan
746,Yes Man
747,Non-Stop
748,Honey. I Shrunk the Kids
749,Fahrenheit 9/11
750,Wild Wild West
751,Wo he wo de fu bei
752,Geostorm
753,Presumed Innocent
754,Jungle Cruise
755,Scary Movie 3
756,Collateral
757,Inferno
758,Knocked Up
759,Green Lantern
760,What Happens in Vegas
761,It's Complicated
762,The Terminal
763,Captain Phillips
764,The Prince of Egypt
765,Jack Reacher
766,Kingdom of Heaven
767,The Emoji Movie
768,Zhe ge sha shou bu tai leng jing
769,Dracula Untold
770,Central Intelligence
771,Million Dollar Baby
772,The Help
773,Twins
774,Little Women
775,Valentine's Day
776,Bad Teacher
777,Song ni yi duo xiao hong hua
778,The Croods: A New Age
779,Clear and Present Danger
780,One Hundred and One Dalmatians
781,Ted 2
782,Dracula
783,Vertical Limit
784,Ghostbusters II
785,The Patriot
786,The Sorcerer's Apprentice
787,Just Go with It
788,The Expendables 3
789,Dirty Dancing
790,Creed II
791,Smallfoot
792,Public Enemies
793,The Bourne Identity
794,Disclosure
795,Pulp Fiction
796,The Aviator
797,Wo hu cang long
798,Braveheart
799,Into the Woods
800,Bedtime Stories
801,Miss Congeniality
802,Entrapment
803,Ace Ventura: When Nature Calls
804,End of Days
805,Bridget Jones's Baby
806,Fury
807,Battle: Los Angeles
808,Australia
809,Due Date
810,Master and Commander: The Far Side of the World
811,A Series of Unfortunate Events
812,The Little Mermaid
813,Qi ji Â· Ben xiao hai
814,District 9
815,Moonraker
816,The Others
817,Horrible Bosses
818,Hou lai de wo men
819,Red Dragon
820,Tomorrowland
821,Me Before You
822,Safe House
823,S.W.A.T.
824,The Fast and the Furious
825,Traffic
826,Paranormal Activity 3
827,Philadelphia
828,The Conjuring: The Devil Made Me Do It
829,Sleepy Hollow
830,The Holiday
831,Nou fo
832,The Jungle Book
833,London Has Fallen
834,The Break-Up
835,Xi you: Xiang mo pian
836,The Ugly Truth
837,JFK
838,White House Down
839,Birds of Prey and the Fantabulous Emancipation of One Harley Quinn
840,A Dog's Purpose
841,Gake no ue no Ponyo
842,Fun with Dick and Jane
843,Eat Pray Love
844,Ghostbusters: Afterlife
845,You Don't Mess with the Zohan
846,The Addams Family
847,Hairspray
848,King Arthur
849,Yogi Bear
850,Everest
851,Vanilla Sky
852,Arrival
853,Need for Speed
854,Garfield
855,Patch Adams
856,Teenage Mutant Ninja Turtles
857,Kindergarten Cop
858,Straight Outta Compton
859,21 Jump Street
860,Valkyrie
861,Open Season
862,Cats & Dogs
863,The Hunt for Red October
864,Percy Jackson: Sea of Monsters
865,Two Weeks Notice
866,RED
867,Chak daan juen ga 2
868,City of Angels
869,The Pacifier
870,50 First Dates
871,Total Recall
872,Yi chu hao xi
873,Lo imposible
874,Ren zai jiong tu: Tai jiong
875,Christopher Robin
876,Jack the Giant Slayer
877,Smurfs: The Lost Village
878,Zhong guo yi sheng
879,Spy Kids 3: Game Over
880,Panic Room
881,Bullet Train
882,The Other Woman
883,Stargate
884,Beowulf
885,The Vow
886,Anger Management
887,Tropic Thunder
888,The Shape of Water
889,Rocketman
890,The Pelican Brief
891,The BFG
892,The Intern
893,The Curse of the Were-Rabbit
894,Gnomeo & Juliet
895,The Sum of All Fears
896,Tenki no ko
897,Gangs of New York
898,Xi you ji zhi: Sun Wukong san da Baigu Jing
899,Paranormal Activity
900,The Lego Movie 2: The Second Part
901,The Equalizer
902,Downton Abbey
903,Wu sha
904,The Addams Family
905,The Longest Yard
906,The Lost City
907,The Santa Clause
908,Cheaper by the Dozen
909,The Equalizer 2
910,Hollow Man
911,Outbreak
912,So duk 2: Tin dei duei kuet
913,The X Files
914,Xin hua lu fang
915,Rambo III
916,The Secret Life of Walter Mitty
917,Mou seung
918,Jaws 2
919,12 Years a Slave
920,Heat
921,Mr. Popper's Penguins
922,The Grudge
923,I Now Pronounce You Chuck & Larry
924,The Horse Whisperer
925,Walk the Line
926,Jian bing xia
927,The Jungle Book 2
928,The Final Destination
929,Atlantis: The Lost Empire
930,Inside Man
931,The Waterboy
932,Hugo
933,Pitch Perfect 3
934,Watchmen
935,The Birdcage
936,Moulin Rouge!
937,Snow White and the Seven Dwarfs
938,Hop
939,Bad Moms
940,Jupiter Ascending
941,Knowing
942,102 Dalmatians
943,Storks
944,Stand by Me Doraemon
945,Paul Blart: Mall Cop
946,Wayne's World
947,Maverick
948,Mirror Mirror
949,The Man in the Iron Mask
950,Cape Fear
951,The Haunted Mansion
952,Xi you ji: Da nao tian gong
953,While You Were Sleeping
954,The Bridges of Madison County
955,Du cheng feng yun III
956,Poseidon
957,The First Wives Club
958,Xuan ya zhi shang
959,Scooby-Doo 2: Monsters Unleashed
960,Hot Shots!
961,Road to Perdition
962,Kill Bill: Vol. 1
963,Abominable
964,The Scorpion King
965,Sweet Home Alabama
966,Daddy's Home 2
967,Hacksaw Ridge
968,Deja Vu
969,The Post
970,Dangerous Minds
971,The Dictator
972,The League of Extraordinary Gentlemen
973,Allegiant
974,Daredevil
975,City Slickers
976,He's Just Not That Into You
977,Eagle Eye
978,Along Came Polly
979,Flushed Away
980,Scary Movie 4
981,Dante's Peak
982,Brokeback Mountain
983,Patriot Games
984,Flubber
985,Baywatch
986,Double Jeopardy
987,War Horse
988,Paranormal Activity 2
989,How to Lose a Guy in 10 Days
990,AVP: Alien vs. Predator
991,Ying xiong
992,The 40 Year Old Virgin
993,The Butler
994,The Haunting
995,The Descendants
996,The A-Team
997,Tootsie
998,In the Line of Fire
999,Analyze This
1000,The Hitman's Bodyguard
